[{"model": "renting.city", "pk": 1, "fields": {"name": "Neuqu\u00e9n"}}, {"model": "renting.city", "pk": 2, "fields": {"name": "C\u00f3rdoba"}}, {"model": "renting.city", "pk": 3, "fields": {"name": "Buenos Aires"}}, {"model": "renting.city", "pk": 4, "fields": {"name": "Rosario"}}, {"model": "renting.city", "pk": 5, "fields": {"name": "La Plata"}}, {"model": "renting.city", "pk": 6, "fields": {"name": "Tucum\u00e1n"}}, {"model": "renting.city", "pk": 7, "fields": {"name": "Mar del Plata"}}, {"model": "renting.city", "pk": 8, "fields": {"name": "Salta"}}, {"model": "renting.city", "pk": 9, "fields": {"name": "Santa Fe"}}, {"model": "renting.city", "pk": 10, "fields": {"name": "Lan\u00fas"}}, {"model": "renting.city", "pk": 11, "fields": {"name": "Corrientes"}}, {"model": "renting.city", "pk": 12, "fields": {"name": "Bah\u00eda Blanca"}}, {"model": "renting.city", "pk": 13, "fields": {"name": "San Isidro"}}, {"model": "renting.city", "pk": 14, "fields": {"name": "Resistencia"}}, {"model": "renting.city", "pk": 15, "fields": {"name": "Vicente L\u00f3pez"}}, {"model": "renting.city", "pk": 16, "fields": {"name": "Posadas"}}, {"model": "renting.city", "pk": 17, "fields": {"name": "Paran\u00e1"}}, {"model": "renting.city", "pk": 18, "fields": {"name": "Merlo"}}, {"model": "renting.city", "pk": 19, "fields": {"name": "San Salvador de Jujuy"}}, {"model": "renting.city", "pk": 20, "fields": {"name": "Quilmes"}}, {"model": "renting.city", "pk": 21, "fields": {"name": "Santiago del Estero"}}, {"model": "renting.city", "pk": 22, "fields": {"name": "Pilar"}}, {"model": "renting.city", "pk": 23, "fields": {"name": "Banfield"}}, {"model": "renting.city", "pk": 24, "fields": {"name": "Guaymall\u00e9n"}}, {"model": "renting.city", "pk": 25, "fields": {"name": "Formosa"}}, {"model": "renting.city", "pk": 26, "fields": {"name": "Las Heras"}}, {"model": "renting.city", "pk": 27, "fields": {"name": "Comodoro Rivadavia"}}, {"model": "renting.city", "pk": 28, "fields": {"name": "Ezeiza"}}, {"model": "renting.host", "pk": 3, "fields": {"groups": [1], "user_permissions": []}}, {"model": "renting.property", "pk": 1, "fields": {"host": 3, "title": "Departamento en Mar del Plata a 2 cuadras de la playa", "description": "Departamento en Mar del Plata a 2 cuadras de la playa. Apartamento con 3 ambientes, vista a la playa, etc etc", "max_guests": 4, "img": "images/maurogch/m1.jpg", "img2": "images/maurogch/m2.jpg", "img3": "images/maurogch/m3.jpg", "price": "2500.00", "city": 7}}, {"model": "renting.property", "pk": 2, "fields": {"host": 3, "title": "Departamento 3 ambientes, 5 personas", "description": "Alojamiento entero\r\nDispondr\u00e1s de toda la vivienda (apartamento) para ti.\r\n\r\nImpecable\r\n12 hu\u00e9spedes recientes han dicho que este alojamiento est\u00e1 impecable.\r\n\r\nUbicaci\u00f3n fant\u00e1stica\r\nEl 100 % de los \u00faltimos hu\u00e9spedes han valorado con 5 estrellas la ubicaci\u00f3n.\r\n\r\nFant\u00e1stico proceso de llegada\r\nEl 100 % de los \u00faltimos hu\u00e9spedes han valorado con 5 estrellas el proceso de llegada.", "max_guests": 5, "img": "images/maurogch/z1.jpg", "img2": "images/maurogch/z2.jpg", "img3": "images/maurogch/z3.jpg", "price": "1014.00", "city": 7}}, {"model": "renting.property", "pk": 3, "fields": {"host": 3, "title": "Dpto c\u00e9ntrico a la calle,3 cuadras playa 6 centro", "description": "Alojamiento entero\r\nDispondr\u00e1s de toda la vivienda (apartamento) para ti.\r\n\r\nUbicaci\u00f3n fant\u00e1stica\r\nEl 100 % de los \u00faltimos hu\u00e9spedes han valorado con 5 estrellas la ubicaci\u00f3n.\r\n\r\nFant\u00e1stico proceso de llegada\r\nEl 100 % de los \u00faltimos hu\u00e9spedes han valorado con 5 estrellas el proceso de llegada.\r\n\r\nBuena comunicaci\u00f3n\r\nUn 100 % de los hu\u00e9spedes m\u00e1s recientes ha valorado a Pastor con 5 estrellas en comunicaci\u00f3n.", "max_guests": 3, "img": "images/maurogch/p1.jpg", "img2": "images/maurogch/p2.jpg", "img3": "images/maurogch/p3.jpg", "price": "1200.00", "city": 7}}, {"model": "renting.property", "pk": 4, "fields": {"host": 3, "title": "Amplio Dpto. 1 Dorm. | Centro Neuqu\u00e9n", "description": "Alojamiento entero\r\nDispondr\u00e1s de toda la vivienda (apartamento) para ti.\r\n\r\nImpecable\r\n9 hu\u00e9spedes recientes han dicho que este alojamiento est\u00e1 impecable.\r\n\r\nCarlos tiene la categor\u00eda de Superhost\r\nLos Superhosts son anfitriones con experiencia y valoraciones excelentes que se esfuerzan para que la estancia de sus hu\u00e9spedes sea siempre perfecta.\r\n\r\nFant\u00e1stico proceso de llegada\r\nEl 90 % de los \u00faltimos hu\u00e9spedes han valorado con 5 estrellas el proceso de llegada.", "max_guests": 2, "img": "images/maurogch/n1.jpg", "img2": "images/maurogch/n2.jpg", "img3": "images/maurogch/n3.jpg", "price": "1449.00", "city": 1}}, {"model": "renting.property", "pk": 5, "fields": {"host": 3, "title": "HERMOSO MONOAMBIENTE EN EXCELENTE UBICACI\u00d3N", "description": "Alojamiento entero\r\nDispondr\u00e1s de toda la vivienda (apartamento) para ti.\r\n\r\nLlegada aut\u00f3noma\r\nAccede al alojamiento directamente mediante la cerradura con teclado.\r\n\r\nImpecable\r\n17 hu\u00e9spedes recientes han dicho que este alojamiento est\u00e1 impecable.\r\n\r\nMario Ernesto tiene la categor\u00eda de Superhost\r\nLos Superhosts son anfitriones con experiencia y valoraciones excelentes que se esfuerzan para que la estancia de sus hu\u00e9spedes sea siempre perfecta.", "max_guests": 4, "img": "images/maurogch/jujuy.png", "img2": "images/maurogch/he1.jpg", "img3": "images/maurogch/h3.jpg", "price": "756.00", "city": 8}}, {"model": "renting.property", "pk": 6, "fields": {"host": 3, "title": "Beautiful apartment/studio in Palermo Soho", "description": "Alojamiento entero\r\nDispondr\u00e1s de toda la vivienda (loft) para ti.\r\n\r\nMariana tiene la categor\u00eda de Superhost\r\nLos Superhosts son anfitriones con experiencia y valoraciones excelentes que se esfuerzan para que la estancia de sus hu\u00e9spedes sea siempre perfecta.\r\n\r\nUbicaci\u00f3n fant\u00e1stica\r\nEl 95 % de los \u00faltimos hu\u00e9spedes han valorado con 5 estrellas la ubicaci\u00f3n.\r\n\r\nFant\u00e1stico proceso de llegada\r\nEl 100 % de los \u00faltimos hu\u00e9spedes han valorado con 5 estrellas el proceso de llegada.", "max_guests": 2, "img": "images/maurogch/b1.jpg", "img2": "images/maurogch/b2.jpg", "img3": "images/maurogch/b3.jpg", "price": "1323.00", "city": 3}}, {"model": "renting.reservation", "pk": 3, "fields": {"number": 4156, "guestName": "Mauro Guerreiro", "guestEmail": "maurogch@gmail.com", "guests": 3, "total": "5000.00"}}, {"model": "renting.reservation", "pk": 10, "fields": {"number": 1942, "guestName": "Cosme Fulanito", "guestEmail": "cosme@fulanito.com.ar", "guests": 2, "total": "2500.00"}}, {"model": "renting.reservation", "pk": 11, "fields": {"number": 1702, "guestName": "Juancho Panza", "guestEmail": "juancho@panza.com", "guests": 2, "total": "2646.00"}}, {"model": "renting.reservation", "pk": 12, "fields": {"number": 6070, "guestName": "Mauro Guerreiro", "guestEmail": "maurogch@gmail.com", "guests": 2, "total": "1449.00"}}, {"model": "renting.rentdate", "pk": 1, "fields": {"date": "2019-11-08", "reservation": 3, "property": 1}}, {"model": "renting.rentdate", "pk": 2, "fields": {"date": "2019-11-09", "reservation": 3, "property": 1}}, {"model": "renting.rentdate", "pk": 3, "fields": {"date": "2019-11-10", "reservation": 10, "property": 1}}, {"model": "renting.rentdate", "pk": 4, "fields": {"date": "2019-11-02", "reservation": null, "property": 1}}, {"model": "renting.rentdate", "pk": 5, "fields": {"date": "2019-11-14", "reservation": null, "property": 2}}, {"model": "renting.rentdate", "pk": 6, "fields": {"date": "2019-11-15", "reservation": null, "property": 2}}, {"model": "renting.rentdate", "pk": 7, "fields": {"date": "2019-11-16", "reservation": null, "property": 2}}, {"model": "renting.rentdate", "pk": 8, "fields": {"date": "2019-11-17", "reservation": null, "property": 2}}, {"model": "renting.rentdate", "pk": 9, "fields": {"date": "2019-12-01", "reservation": null, "property": 3}}, {"model": "renting.rentdate", "pk": 10, "fields": {"date": "2019-12-02", "reservation": null, "property": 3}}, {"model": "renting.rentdate", "pk": 11, "fields": {"date": "2019-12-03", "reservation": null, "property": 3}}, {"model": "renting.rentdate", "pk": 12, "fields": {"date": "2019-12-05", "reservation": null, "property": 3}}, {"model": "renting.rentdate", "pk": 13, "fields": {"date": "2019-12-06", "reservation": null, "property": 3}}, {"model": "renting.rentdate", "pk": 14, "fields": {"date": "2019-12-22", "reservation": 12, "property": 4}}, {"model": "renting.rentdate", "pk": 15, "fields": {"date": "2019-12-23", "reservation": null, "property": 4}}, {"model": "renting.rentdate", "pk": 16, "fields": {"date": "2019-12-24", "reservation": null, "property": 4}}, {"model": "renting.rentdate", "pk": 17, "fields": {"date": "2019-12-25", "reservation": null, "property": 4}}, {"model": "renting.rentdate", "pk": 18, "fields": {"date": "2019-12-26", "reservation": null, "property": 4}}, {"model": "renting.rentdate", "pk": 19, "fields": {"date": "2019-12-27", "reservation": null, "property": 4}}, {"model": "renting.rentdate", "pk": 20, "fields": {"date": "2019-12-28", "reservation": null, "property": 4}}, {"model": "renting.rentdate", "pk": 21, "fields": {"date": "2020-01-14", "reservation": null, "property": 5}}, {"model": "renting.rentdate", "pk": 22, "fields": {"date": "2020-01-15", "reservation": null, "property": 5}}, {"model": "renting.rentdate", "pk": 23, "fields": {"date": "2020-01-16", "reservation": null, "property": 5}}, {"model": "renting.rentdate", "pk": 24, "fields": {"date": "2019-11-24", "reservation": 11, "property": 6}}, {"model": "renting.rentdate", "pk": 25, "fields": {"date": "2019-11-25", "reservation": 11, "property": 6}}, {"model": "renting.rentdate", "pk": 26, "fields": {"date": "2019-11-26", "reservation": null, "property": 6}}, {"model": "renting.rentdate", "pk": 27, "fields": {"date": "2019-11-27", "reservation": null, "property": 6}}, {"model": "renting.rentdate", "pk": 28, "fields": {"date": "2019-11-28", "reservation": null, "property": 6}}, {"model": "renting.rentdate", "pk": 29, "fields": {"date": "2019-11-29", "reservation": null, "property": 6}}, {"model": "renting.rentdate", "pk": 30, "fields": {"date": "2019-11-30", "reservation": null, "property": 6}}, {"model": "renting.rentdate", "pk": 31, "fields": {"date": "2020-01-30", "reservation": null, "property": 6}}, {"model": "renting.rentdate", "pk": 32, "fields": {"date": "2020-01-31", "reservation": null, "property": 6}}]